replicate,exchange_#,round,repeat_seq,actor,defender,offense_skill_chosen,offense_skill_value_at_roll,atk_roll,def_roll,atk_success,def_success,atk_margin,def_margin,outcome,effect_declared,location_index,zone,laterality,tag_check,resulting_staterecord,hp_alpha_after,hp_beta_after,pe_alpha_after,pe_beta_after,atk_overflow,def_overflow,atk_failure_xp,def_failure_xp,atk_advanced_skill_created,def_advanced_skill_created
1,1,1,1,Beta,Alpha,Attack,25,68,6,False,True,,19,defender-wins,,,,,,,600,600,150,132,0,0,43,0,,
1,2,1,1,Alpha,Beta,Attack,25,48,37,False,False,,,repeat-bothfail,,,,,,,600,600,150,145,0,0,23,12,,
1,3,1,2,Alpha,Beta,Attack,25,56,81,False,False,,,repeat-bothfail,,,,,,,600,600,144,114,0,0,31,56,,
1,4,1,3,Alpha,Beta,Attack,26,84,57,False,False,,,repeat-bothfail,,,,,,,600,600,110,107,0,0,58,30,,
1,5,1,4,Alpha,Beta,Attack,28,89,10,False,True,,18,defender-wins,,,,,,,600,600,71,147,0,0,61,0,,
1,6,2,1,Beta,Alpha,Grapple,25,65,44,False,False,,,repeat-bothfail,,,,,,,600,600,77,132,0,0,40,19,,Defense-Adv1(T3)
1,7,2,2,Beta,Alpha,Grapple,26,49,34,False,False,,,repeat-bothfail,,,,,,,600,600,93,133,0,0,23,9,,
1,8,2,3,Beta,Alpha,Grapple,26,55,31,False,False,,,repeat-bothfail,,,,,,,600,600,112,128,0,0,29,6,Grapple-Adv1(T3),
1,9,2,4,Beta,Alpha,Grapple,27,42,50,False,False,,,repeat-bothfail,,,,,,,600,600,112,136,0,0,15,25,,
1,10,2,5,Beta,Alpha,Grapple,27,74,82,False,False,,,repeat-bothfail,,,,,,,600,600,80,112,0,0,47,56,,
1,11,2,6,Beta,Alpha,Grapple,28,50,33,False,False,,,repeat-bothfail,,,,,,,600,600,97,112,0,0,22,5,,Defense-Adv2(T3)
1,12,2,7,Beta,Alpha,Grapple,28,86,73,False,False,,,repeat-bothfail,,,,,,,600,600,74,76,0,0,58,45,,
1,13,2,8,Beta,Alpha,Grapple,30,95,64,False,False,,,repeat-bothfail,,,,,,,600,581,60,50,19,0,65,35,,
1,14,2,9,Beta,Alpha,Grapple,32,27,53,True,False,5,,attacker-wins,Impose Condition: Grappled,,,,n/a,Tier-2 Grappled Magnitude -2,600,581,57,73,0,0,0,23,,
1,15,2,1,Alpha,Beta,Grapple,25,59,32,False,False,,,repeat-bothfail,,,,,,,598,581,50,91,2,0,34,4,,
1,16,2,2,Alpha,Beta,Grapple,26,82,92,False,False,,,repeat-bothfail,,,,,,,566,580,50,50,32,1,56,64,,
1,17,2,3,Alpha,Beta,Grapple,28,71,80,False,False,,,repeat-bothfail,,,,,,,545,550,50,50,21,30,43,50,,
1,18,2,4,Alpha,Beta,Grapple,29,34,55,False,False,,,repeat-bothfail,,,,,,,545,545,66,50,0,5,5,24,,Defense-Adv2(T3)
1,19,2,5,Alpha,Beta,Grapple,29,46,54,False,False,,,repeat-bothfail,,,,,,,545,541,70,50,0,4,17,23,,
1,20,2,6,Alpha,Beta,Grapple,29,29,15,True,True,0,16,defender-wins,,,,,,,545,541,91,85,0,0,0,0,,
1,21,3,1,Alpha,Beta,Trip,25,32,38,False,False,,,repeat-bothfail,,,,,,,545,541,109,97,0,0,7,7,,
1,22,3,2,Alpha,Beta,Trip,25,19,41,True,False,6,,attacker-wins,Knock Prone,91,Head,Left,n/a,Location 91(Head/Left) Tier-2 Prone Magnitude -2,545,541,140,106,0,0,0,10,,
1,23,3,1,Beta,Alpha,Trip,25,44,19,False,True,,11,defender-wins,,,,,,,545,541,150,112,0,0,19,0,Trip-Adv3(T3),
1,24,4,1,Beta,Alpha,Disarm,25,35,79,False,False,,,repeat-bothfail,,,,,,,545,541,121,127,0,0,10,49,,
1,25,4,2,Beta,Alpha,Disarm,25,36,62,False,False,,,repeat-bothfail,,,,,,,545,541,109,141,0,0,11,31,,
1,26,4,3,Beta,Alpha,Disarm,25,56,19,False,True,,13,defender-wins,,,,,,,545,541,140,135,0,0,31,0,,
1,27,4,1,Alpha,Beta,Disarm,25,69,23,False,True,,8,defender-wins,,,,,,,545,541,121,150,0,0,44,0,,
1,28,5,1,Alpha,Beta,EquipmentDamage,25,75,16,False,True,,15,defender-wins,,,,,,,545,541,96,150,0,0,50,0,,
1,29,5,1,Beta,Alpha,EquipmentDamage,25,99,59,False,False,,,repeat-bothfail,,,,,,,545,541,87,101,0,0,74,27,EquipmentDamage-Adv4(T3),
1,30,5,2,Beta,Alpha,EquipmentDamage,27,90,2,False,True,,30,defender-wins,,,,,,,545,541,135,61,0,0,63,0,,
1,31,6,1,Alpha,Beta,Attack,30,5,81,True,False,25,,attacker-wins,Inflict Injury,,,,,HP -25,545,496,150,50,0,20,0,50,,
1,32,6,1,Beta,Alpha,Attack,26,79,15,False,True,,17,defender-wins,,,,,,,545,467,150,50,29,0,53,0,,
1,33,7,1,Beta,Alpha,Grapple,32,37,58,False,False,,,repeat-bothfail,,,,,,,545,467,142,63,0,0,5,26,,
1,34,7,2,Beta,Alpha,Grapple,32,7,31,True,True,25,1,attacker-wins,Impose Condition: Grappled,,,,n/a,Tier-1 Grappled Magnitude -1,545,467,150,106,0,0,0,0,,
1,35,7,1,Alpha,Beta,Grapple,29,15,77,True,False,14,,attacker-wins,Impose Condition: Grappled,,,,n/a,Tier-2 Grappled Magnitude -2,545,467,150,79,0,0,0,45,,Defense-Adv5(T3)
1,36,8,1,Alpha,Beta,Trip,25,50,31,False,True,,2,defender-wins,,,,,,,545,467,150,98,0,0,25,0,,
1,37,8,1,Beta,Alpha,Trip,25,25,26,True,True,0,6,defender-wins,,,,,,,545,467,150,123,0,0,0,0,,
1,38,9,1,Alpha,Beta,Disarm,26,45,3,False,True,,30,defender-wins,,,,,,,545,467,150,150,0,0,19,0,,
1,39,9,1,Beta,Alpha,Disarm,26,38,94,False,False,,,repeat-bothfail,,,,,,,545,467,106,150,0,0,12,62,,
1,40,9,2,Beta,Alpha,Disarm,26,21,12,True,True,5,21,defender-wins,,,,,,,545,467,144,150,0,0,0,0,,
1,41,10,1,Beta,Alpha,EquipmentDamage,29,28,82,True,False,1,,attacker-wins,Equipment Damage -> FAIL-AND-FALL-BACK -> Inflict Injury,82,Head,Right,fail-and-fall-back,"Fallback HP -1 (Base Inflict Injury, DEC-030)",544,467,112,150,0,0,0,49,,
1,42,10,1,Alpha,Beta,EquipmentDamage,26,79,70,False,False,,,repeat-bothfail,,,,,,,544,467,83,130,0,0,53,37,,
1,43,10,2,Alpha,Beta,EquipmentDamage,28,24,26,True,True,4,8,defender-wins,,,,,,,544,467,109,150,0,0,0,0,,
1,44,11,1,Beta,Alpha,Attack,28,56,33,False,True,,1,defender-wins,,,,,,,544,467,126,144,0,0,28,0,,
1,45,11,1,Alpha,Beta,Attack,30,28,49,True,False,2,,attacker-wins,Inflict Injury,,,,,HP -2,544,465,148,145,0,0,0,15,,
1,46,12,1,Alpha,Beta,Grapple,29,5,79,True,False,24,,attacker-wins,Impose Condition: Grappled,,,,n/a,Tier-2 Grappled Magnitude -2,544,465,150,116,0,0,0,45,,
1,47,12,1,Beta,Alpha,Grapple,32,50,47,False,False,,,repeat-bothfail,,,,,,,544,465,150,116,0,0,18,13,,
1,48,12,2,Beta,Alpha,Grapple,32,16,73,True,False,16,,attacker-wins,Impose Condition: Grappled,,,,n/a,Tier-2 Grappled Magnitude -2,544,465,127,150,0,0,0,39,,
1,49,13,1,Beta,Alpha,Trip,25,26,53,False,False,,,repeat-bothfail,,,,,,,544,465,124,150,0,0,1,18,,
1,50,13,2,Beta,Alpha,Trip,25,5,4,True,True,20,31,defender-wins,,,,,,,544,465,150,150,0,0,0,0,,
1,51,13,1,Alpha,Beta,Trip,26,12,61,True,False,14,,attacker-wins,Knock Prone,21,Legs,Left,n/a,Location 21(Legs/Left) Tier-2 Prone Magnitude -2,544,465,150,139,0,0,0,26,,
1,52,14,1,Alpha,Beta,Disarm,26,57,31,False,True,,4,defender-wins,,,,,,,544,465,143,150,0,0,31,0,,
1,53,14,1,Beta,Alpha,Disarm,26,19,78,True,False,7,,attacker-wins,Disarm/Break Hold -> FAIL-AND-FALL-BACK -> Inflict Injury,91,Head,Left,fail-and-fall-back,"Fallback HP -7 (Base Inflict Injury, DEC-030)",537,465,115,150,0,0,0,43,,
1,54,15,1,Alpha,Beta,EquipmentDamage,28,42,20,False,True,,15,defender-wins,,,,,,,537,465,123,150,0,0,14,0,,
1,55,15,1,Beta,Alpha,EquipmentDamage,29,34,42,False,False,,,repeat-bothfail,,,,,,,537,465,131,150,0,0,5,6,,
1,56,15,2,Beta,Alpha,EquipmentDamage,29,59,11,False,True,,25,defender-wins,,,,,,,537,465,150,141,0,0,30,0,,
1,57,16,1,Alpha,Beta,Attack,30,27,40,True,False,3,,attacker-wins,Inflict Injury,,,,,HP -3,537,462,150,150,0,0,0,5,,
1,58,16,1,Beta,Alpha,Attack,29,48,92,False,False,,,repeat-bothfail,,,,,,,537,462,108,150,0,0,19,56,,
1,59,16,2,Beta,Alpha,Attack,29,51,77,False,False,,,repeat-bothfail,,,,,,,537,462,81,149,0,0,22,40,,Defense-Adv3(T3)
1,60,16,3,Beta,Alpha,Attack,29,44,14,False,True,,24,defender-wins,,,,,,,537,462,117,150,0,0,15,0,Attack-Adv6(T3),
1,61,17,1,Alpha,Beta,Grapple,29,81,74,False,False,,,repeat-bothfail,,,,,,,537,462,86,126,0,0,52,39,,
1,62,17,2,Alpha,Beta,Grapple,30,100,8,False,True,,28,defender-wins,,,,,,,523,462,50,150,14,0,70,0,Grapple-Adv4(T3),
1,63,17,1,Beta,Alpha,Grapple,32,28,44,True,False,4,,attacker-wins,Impose Condition: Grappled,,,,n/a,Tier-2 Grappled Magnitude -2,523,462,56,150,0,0,0,6,,Defense-Adv5(T3)
1,64,18,1,Beta,Alpha,Trip,25,39,71,False,False,,,repeat-bothfail,,,,,,,508,462,50,150,0,15,14,33,,
1,65,18,2,Beta,Alpha,Trip,25,19,68,True,False,6,,attacker-wins,Knock Prone,91,Head,Left,n/a,Location 91(Head/Left) Tier-2 Prone Magnitude -2,490,462,50,150,0,18,0,30,,
1,66,18,1,Alpha,Beta,Trip,26,8,81,True,False,18,,attacker-wins,Knock Prone,80,Head,Right,n/a,Location 80(Head/Right) Tier-2 Prone Magnitude -2,490,462,92,119,0,0,0,45,,
1,67,19,1,Beta,Alpha,Disarm,26,69,72,False,False,,,repeat-bothfail,,,,,,,490,462,70,100,0,0,43,34,,
1,68,19,2,Beta,Alpha,Disarm,27,30,92,False,False,,,repeat-bothfail,,,,,,,468,462,50,120,0,22,3,54,,
1,69,19,3,Beta,Alpha,Disarm,27,57,71,False,False,,,repeat-bothfail,,,,,,,447,462,50,113,0,21,30,32,,
1,70,19,4,Beta,Alpha,Disarm,28,47,71,False,False,,,repeat-bothfail,,,,,,,426,462,50,116,0,21,19,32,,
1,71,19,5,Beta,Alpha,Disarm,28,29,39,False,True,,0,defender-wins,,,,,,,426,462,61,137,0,0,1,0,,
1,72,19,1,Alpha,Beta,Disarm,27,76,36,False,True,,1,defender-wins,,,,,,,411,462,50,150,15,0,49,0,,
1,73,20,1,Beta,Alpha,EquipmentDamage,30,59,8,False,True,,31,defender-wins,,,,,,,411,462,92,141,0,0,29,0,,
1,74,20,1,Alpha,Beta,EquipmentDamage,28,85,15,False,True,,22,defender-wins,,,,,,,411,462,57,150,0,0,57,0,,
1,75,21,1,Alpha,Beta,Attack,30,58,6,False,True,,31,defender-wins,,,,,,,410,462,50,150,1,0,28,0,,
1,76,21,1,Beta,Alpha,Attack,29,98,30,False,True,,9,defender-wins,,,,,,,410,462,70,102,0,0,69,0,,
1,77,22,1,Alpha,Beta,Grapple,32,49,82,False,False,,,repeat-bothfail,,,,,,,410,462,71,70,0,0,17,45,,
1,78,22,2,Alpha,Beta,Grapple,32,52,60,False,False,,,repeat-bothfail,,,,,,,410,462,69,60,0,0,20,22,,
1,79,22,3,Alpha,Beta,Grapple,32,18,60,True,False,14,,attacker-wins,Impose Condition: Grappled,,,,n/a,Tier-2 Grappled Magnitude -2,410,462,101,50,0,0,0,22,,
1,80,22,1,Beta,Alpha,Grapple,32,80,66,False,False,,,repeat-bothfail,,,,,,,410,432,85,50,30,0,48,27,,Defense-Adv6(T3)
1,81,22,2,Beta,Alpha,Grapple,33,38,21,False,True,,18,defender-wins,,,,,,,410,432,114,62,0,0,5,0,,
1,82,23,1,Beta,Alpha,Trip,25,15,27,True,True,10,12,defender-wins,,,,,,,410,432,137,97,0,0,0,0,,
1,83,23,1,Alpha,Beta,Trip,26,38,93,False,False,,,repeat-bothfail,,,,,,,410,432,149,54,0,0,12,55,,
1,84,23,2,Alpha,Beta,Trip,26,99,81,False,False,,,repeat-bothfail,,,,,,,410,405,100,50,0,27,73,42,Trip-Adv7(T3),
1,85,23,3,Alpha,Beta,Trip,28,30,72,False,False,,,repeat-bothfail,,,,,,,410,383,120,50,0,22,2,32,,
1,86,23,4,Alpha,Beta,Trip,28,96,32,False,True,,8,defender-wins,,,,,,,410,383,74,68,0,0,68,0,,
1,87,24,1,Alpha,Beta,Disarm,28,51,5,False,True,,35,defender-wins,,,,,,,410,383,73,113,0,0,23,0,,
1,88,24,1,Beta,Alpha,Disarm,28,42,84,False,False,,,repeat-bothfail,,,,,,,399,383,50,121,0,11,14,45,,
1,89,24,2,Beta,Alpha,Disarm,28,44,58,False,False,,,repeat-bothfail,,,,,,,391,383,50,127,0,8,16,18,Disarm-Adv7(T3),
1,90,24,3,Beta,Alpha,Disarm,28,67,50,False,False,,,repeat-bothfail,,,,,,,391,383,50,110,0,0,39,10,,
1,91,24,4,Beta,Alpha,Disarm,29,60,63,False,False,,,repeat-bothfail,,,,,,,378,383,50,100,0,13,31,23,,
1,92,24,5,Beta,Alpha,Disarm,30,52,56,False,False,,,repeat-bothfail,,,,,,,372,383,50,98,0,6,22,16,,
1,93,24,6,Beta,Alpha,Disarm,30,88,95,False,False,,,repeat-bothfail,,,,,,,327,383,50,60,0,45,58,55,Disarm-Adv8(T3),
1,94,24,7,Beta,Alpha,Disarm,31,5,93,True,False,26,,attacker-wins,Disarm/Break Hold -> FAIL-AND-FALL-BACK -> Inflict Injury,50,Torso,Right,fail-and-fall-back,"Fallback HP -26 (Base Inflict Injury, DEC-030)",258,383,50,105,0,43,0,52,,
1,95,25,1,Beta,Alpha,EquipmentDamage,30,43,53,False,False,,,repeat-bothfail,,,,,,,255,383,50,112,0,3,13,11,,
1,96,25,2,Beta,Alpha,EquipmentDamage,30,74,61,False,False,,,repeat-bothfail,,,,,,,244,383,50,88,0,11,44,19,,
1,97,25,3,Beta,Alpha,EquipmentDamage,31,99,20,False,True,,22,defender-wins,,,,,,,244,372,80,50,11,0,68,0,EquipmentDamage-Adv9(T3),
1,98,25,1,Alpha,Beta,EquipmentDamage,30,40,42,False,False,,,repeat-bothfail,,,,,,,244,372,90,58,0,0,10,2,,
1,99,25,2,Alpha,Beta,EquipmentDamage,30,27,39,True,True,3,1,attacker-wins,Equipment Damage,72,Arms,Right,pass,Location 72(Arms/Right) Tier-1 EquipmentDamaged Magnitude -1,244,372,113,69,0,0,0,0,,
1,100,26,1,Alpha,Beta,Attack,30,36,44,False,False,,,repeat-bothfail,,,,,,,244,372,127,75,0,0,6,4,,Defense-Adv10(T3)
1,101,26,2,Alpha,Beta,Attack,30,87,47,False,False,,,repeat-bothfail,,,,,,,244,372,90,78,0,0,57,7,,
1,102,26,3,Alpha,Beta,Attack,31,37,6,False,True,,34,defender-wins,,,,,,,244,372,103,122,0,0,6,0,,
1,103,26,1,Beta,Alpha,Attack,31,16,58,True,False,15,,attacker-wins,Inflict Injury,,,,,HP -15,229,372,95,150,0,0,0,16,,
1,104,27,1,Alpha,Beta,Grapple,32,38,87,False,False,,,repeat-bothfail,,,,,,,229,372,107,113,0,0,6,47,,
1,105,27,2,Alpha,Beta,Grapple,32,36,33,False,True,,8,defender-wins,,,,,,,229,372,121,130,0,0,4,0,,
1,106,27,1,Beta,Alpha,Grapple,33,91,54,False,False,,,repeat-bothfail,,,,,,,229,372,117,89,0,0,58,12,,
1,107,27,2,Beta,Alpha,Grapple,34,8,80,True,False,26,,attacker-wins,Impose Condition: Grappled,,,,n/a,Tier-2 Grappled Magnitude -2,229,372,87,131,0,0,0,38,,
1,108,28,1,Alpha,Beta,Trip,30,78,19,False,True,,22,defender-wins,,,,,,,229,372,59,150,0,0,48,0,,
1,109,28,1,Beta,Alpha,Trip,25,71,33,False,True,,9,defender-wins,,,,,,,229,372,76,129,0,0,46,0,,
1,110,29,1,Beta,Alpha,Disarm,31,55,96,False,False,,,repeat-bothfail,,,,,,,209,372,50,124,0,20,24,54,Disarm-Adv11(T3),
1,111,29,2,Beta,Alpha,Disarm,31,77,100,False,False,,,repeat-bothfail,,,,,,,159,372,50,97,0,50,46,57,Disarm-Adv12(T3),Defense-Adv8(T3)
1,112,29,3,Beta,Alpha,Disarm,32,9,30,True,True,23,14,attacker-wins,Disarm/Break Hold -> FAIL-AND-FALL-BACK -> Inflict Injury,90,Head,Right,fail-and-fall-back,"Fallback HP -9 (Base Inflict Injury, DEC-030)",150,372,70,138,0,0,0,0,,
1,113,29,1,Alpha,Beta,Disarm,28,20,32,True,True,8,9,defender-wins,,,,,,,150,372,100,150,0,0,0,0,,
1,114,30,1,Alpha,Beta,EquipmentDamage,30,84,8,False,True,,33,defender-wins,,,,,,,150,372,66,150,0,0,54,0,,
1,115,30,1,Beta,Alpha,EquipmentDamage,33,40,38,False,True,,6,defender-wins,,,,,,,150,372,78,150,0,0,7,0,,
1,116,31,1,Alpha,Beta,Attack,31,64,81,False,False,,,repeat-bothfail,,,,,,,150,372,64,119,0,0,33,40,,
1,117,31,2,Alpha,Beta,Attack,32,25,14,True,True,7,27,defender-wins,,,,,,,150,372,89,150,0,0,0,0,,
1,118,31,1,Beta,Alpha,Attack,31,19,70,True,False,12,,attacker-wins,Inflict Injury,,,,,HP -12,138,372,69,150,0,0,0,26,,
1,119,32,1,Alpha,Beta,Grapple,32,12,21,True,True,20,20,repeat-tie,,,,,,,138,372,107,150,0,0,0,0,,
1,120,32,2,Alpha,Beta,Grapple,32,99,36,False,True,,5,defender-wins,,,,,,,138,372,58,150,0,0,67,0,Grapple-Adv9(T3),
1,121,32,1,Beta,Alpha,Grapple,34,95,34,False,True,,10,defender-wins,,,,,,,138,372,74,105,0,0,61,0,,
1,122,33,1,Alpha,Beta,Trip,31,37,42,False,False,,,repeat-bothfail,,,,,,,138,372,87,113,0,0,6,1,,
1,123,33,2,Alpha,Beta,Trip,31,7,46,True,False,24,,attacker-wins,Knock Prone,70,Arms,Right,n/a,Location 70(Arms/Right) Tier-2 Prone Magnitude -2,138,372,130,117,0,0,0,5,,
1,124,33,1,Beta,Alpha,Trip,26,24,27,True,True,2,17,defender-wins,,,,,,,138,372,150,143,0,0,0,0,,
1,125,34,1,Beta,Alpha,Disarm,32,55,53,False,False,,,repeat-bothfail,,,,,,,138,372,147,138,0,0,23,9,Disarm-Adv13(T3),
1,126,34,2,Beta,Alpha,Disarm,32,23,67,True,False,9,,attacker-wins,Disarm/Break Hold -> FAIL-AND-FALL-BACK -> Inflict Injury,32,Torso,Right,fail-and-fall-back,"Fallback HP -9 (Base Inflict Injury, DEC-030)",129,372,130,150,0,0,0,23,,
1,127,34,1,Alpha,Beta,Disarm,28,94,73,False,False,,,repeat-bothfail,,,,,,,129,372,86,127,0,0,66,32,,
1,128,34,2,Alpha,Beta,Disarm,30,70,26,False,True,,15,defender-wins,,,,,,,129,372,66,150,0,0,40,0,,
1,129,35,1,Beta,Alpha,EquipmentDamage,33,24,47,True,False,9,,attacker-wins,Equipment Damage,42,Torso,Right,pass,Location 42(Torso/Right) Tier-2 EquipmentDamaged Magnitude -2,129,372,69,150,0,0,0,3,,
1,130,35,1,Alpha,Beta,EquipmentDamage,31,76,58,False,False,,,repeat-bothfail,,,,,,,122,372,50,142,7,0,45,17,,
1,131,35,2,Alpha,Beta,EquipmentDamage,32,51,49,False,False,,,repeat-bothfail,,,,,,,121,372,50,143,1,0,19,8,,
1,132,35,3,Alpha,Beta,EquipmentDamage,32,29,11,True,True,3,30,defender-wins,,,,,,,121,372,71,150,0,0,0,0,,
1,133,36,1,Beta,Alpha,Attack,31,40,44,False,True,,0,defender-wins,,,,,,,121,372,77,150,0,0,9,0,,
1,134,36,1,Alpha,Beta,Attack,32,83,13,False,True,,28,defender-wins,,,,,,,115,372,50,150,6,0,51,0,,
1,135,37,1,Beta,Alpha,Grapple,35,58,28,False,True,,16,defender-wins,,,,,,,115,372,72,142,0,0,23,0,,
1,136,37,1,Alpha,Beta,Grapple,34,99,22,False,True,,19,defender-wins,,,,,,,88,372,50,150,27,0,65,0,Grapple-Adv10(T3),
1,137,38,1,Beta,Alpha,Trip,26,54,16,False,True,,28,defender-wins,,,,,,,88,372,84,146,0,0,28,0,,
1,138,38,1,Alpha,Beta,Trip,31,23,55,True,False,8,,attacker-wins,Knock Prone,32,Torso,Right,n/a,Location 32(Torso/Right) Tier-2 Prone Magnitude -2,88,372,111,141,0,0,0,14,,Defense-Adv14(T3)
1,139,39,1,Beta,Alpha,Disarm,32,2,87,True,False,30,,attacker-wins,Disarm/Break Hold -> FAIL-AND-FALL-BACK -> Inflict Injury,20,Legs,Right,fail-and-fall-back,"Fallback HP -30 (Base Inflict Injury, DEC-030)",58,372,74,150,0,0,0,43,,
1,140,39,1,Alpha,Beta,Disarm,31,83,75,False,False,,,repeat-bothfail,,,,,,,49,372,50,125,9,0,52,34,,
1,141,39,2,Alpha,Beta,Disarm,32,28,48,True,False,4,,attacker-wins,Disarm/Break Hold -> FAIL-AND-FALL-BACK -> Inflict Injury,82,Head,Right,fail-and-fall-back,"Fallback HP -4 (Base Inflict Injury, DEC-030)",49,368,72,127,0,0,0,7,,
1,142,40,1,Beta,Alpha,EquipmentDamage,33,73,52,False,False,,,repeat-bothfail,,,,,,,49,368,70,104,0,0,40,8,,
1,143,40,2,Beta,Alpha,EquipmentDamage,34,99,73,False,False,,,repeat-bothfail,,,,,,,46,368,50,55,0,3,65,29,EquipmentDamage-Adv15(T3),
1,144,40,3,Beta,Alpha,EquipmentDamage,35,77,81,False,False,,,repeat-bothfail,,,,,,,15,346,50,50,22,31,42,37,EquipmentDamage-Adv16(T3),
1,145,40,4,Beta,Alpha,EquipmentDamage,36,80,47,False,False,,,repeat-bothfail,,,,,,,15,316,53,50,30,0,44,3,,
1,146,40,5,Beta,Alpha,EquipmentDamage,37,45,20,False,True,,24,defender-wins,,,,,,,15,316,83,55,0,0,8,0,,
1,147,40,1,Alpha,Beta,EquipmentDamage,32,100,14,False,True,,27,defender-wins,,,,,,,-2,316,50,91,17,0,68,0,EquipmentDamage-Adv11(T3),
2,1,1,1,Beta,Alpha,Attack,25,94,27,False,False,,,repeat-bothfail,,,,,,,600,600,150,106,0,0,69,2,,
2,2,1,2,Beta,Alpha,Attack,27,14,10,True,True,13,15,defender-wins,,,,,,,600,600,150,142,0,0,0,0,,
2,3,1,1,Alpha,Beta,Attack,25,59,72,False,False,,,repeat-bothfail,,,,,,,600,600,141,120,0,0,34,47,,
2,4,1,2,Alpha,Beta,Attack,26,60,11,False,True,,15,defender-wins,,,,,,,600,600,131,150,0,0,34,0,,
2,5,2,1,Beta,Alpha,Grapple,25,1,18,True,True,24,7,attacker-wins,Impose Condition: Grappled,,,,n/a,Tier-1 Grappled Magnitude -1,600,600,150,150,0,0,0,0,,
2,6,2,1,Alpha,Beta,Grapple,25,76,24,False,True,,2,defender-wins,,,,,,,600,600,124,150,0,0,51,0,,
2,7,3,1,Beta,Alpha,Trip,25,11,19,True,True,14,6,attacker-wins,Knock Prone,11,Legs,Left,n/a,Location 11(Legs/Left) Tier-1 Prone Magnitude -1,600,600,150,150,0,0,0,0,,
2,8,3,1,Alpha,Beta,Trip,25,88,16,False,True,,10,defender-wins,,,,,,,600,600,112,150,0,0,63,0,Trip-Adv1(T3),
2,9,4,1,Beta,Alpha,Disarm,25,80,57,False,False,,,repeat-bothfail,,,,,,,600,600,105,120,0,0,55,32,,
2,10,4,2,Beta,Alpha,Disarm,27,83,74,False,False,,,repeat-bothfail,,,,,,,600,600,81,87,0,0,56,48,,
2,11,4,3,Beta,Alpha,Disarm,29,51,91,False,False,,,repeat-bothfail,,,,,,,590,600,50,86,0,10,22,64,,
2,12,4,4,Beta,Alpha,Disarm,29,20,86,True,False,9,,attacker-wins,Disarm/Break Hold -> FAIL-AND-FALL-BACK -> Inflict Injury,2,Legs,Right,fail-and-fall-back,"Fallback HP -9 (Base Inflict Injury, DEC-030)",545,600,50,116,0,36,0,57,,
2,13,4,1,Alpha,Beta,Disarm,25,80,77,False,False,,,repeat-bothfail,,,,,,,515,600,50,89,30,0,55,51,,Defense-Adv1(T3)
2,14,4,2,Alpha,Beta,Disarm,27,55,35,False,False,,,repeat-bothfail,,,,,,,510,600,50,104,5,0,28,8,Disarm-Adv2(T3),
2,15,4,3,Alpha,Beta,Disarm,28,9,10,True,True,19,17,attacker-wins,Disarm/Break Hold -> FAIL-AND-FALL-BACK -> Inflict Injury,90,Head,Right,fail-and-fall-back,"Fallback HP -2 (Base Inflict Injury, DEC-030)",510,598,91,144,0,0,0,0,,
2,16,5,1,Beta,Alpha,EquipmentDamage,25,61,75,False,False,,,repeat-bothfail,,,,,,,510,598,66,133,0,0,36,45,,
2,17,5,2,Beta,Alpha,EquipmentDamage,26,34,26,False,True,,5,defender-wins,,,,,,,510,598,90,149,0,0,8,0,,
2,18,5,1,Alpha,Beta,EquipmentDamage,25,38,43,False,False,,,repeat-bothfail,,,,,,,510,598,102,150,0,0,13,16,,
2,19,5,2,Alpha,Beta,EquipmentDamage,25,15,70,True,False,10,,attacker-wins,Equipment Damage,51,Arms,Left,pass,Location 51(Arms/Left) Tier-2 EquipmentDamaged Magnitude -2,510,598,137,130,0,0,0,43,,
2,20,6,1,Alpha,Beta,Attack,27,25,60,True,False,2,,attacker-wins,Inflict Injury,,,,,HP -2,510,596,150,120,0,0,0,32,,
2,21,6,1,Beta,Alpha,Attack,27,52,62,False,False,,,repeat-bothfail,,,,,,,510,596,138,118,0,0,25,31,,
2,22,6,2,Beta,Alpha,Attack,27,54,58,False,False,,,repeat-bothfail,,,,,,,510,596,130,114,0,0,27,26,,
2,23,6,3,Beta,Alpha,Attack,28,49,7,False,True,,25,defender-wins,,,,,,,510,596,150,115,0,0,21,0,,
2,24,7,1,Beta,Alpha,Grapple,25,61,28,False,True,,4,defender-wins,,,,,,,510,596,150,104,0,0,36,0,,
2,25,7,1,Alpha,Beta,Grapple,27,46,32,False,False,,,repeat-bothfail,,,,,,,510,596,150,122,0,0,19,3,,
2,26,7,2,Alpha,Beta,Grapple,27,80,94,False,False,,,repeat-bothfail,,,,,,,510,596,120,78,0,0,53,65,,
2,27,7,3,Alpha,Beta,Grapple,28,76,11,False,True,,20,defender-wins,,,,,,,510,596,94,117,0,0,48,0,,
2,28,8,1,Beta,Alpha,Trip,25,76,59,False,False,,,repeat-bothfail,,,,,,,510,596,85,91,0,0,51,27,,
2,29,8,2,Beta,Alpha,Trip,27,3,13,True,True,24,19,attacker-wins,Knock Prone,30,Torso,Right,n/a,Location 30(Torso/Right) Tier-1 Prone Magnitude -1,510,596,122,138,0,0,0,0,,
2,30,8,1,Alpha,Beta,Trip,27,79,83,False,False,,,repeat-bothfail,,,,,,,510,596,93,105,0,0,52,52,,
2,31,8,2,Alpha,Beta,Trip,28,67,2,False,True,,30,defender-wins,,,,,,,510,596,76,150,0,0,39,0,,
2,32,9,1,Alpha,Beta,Disarm,28,68,91,False,False,,,repeat-bothfail,,,,,,,510,596,58,109,0,0,40,59,,
2,33,9,2,Alpha,Beta,Disarm,29,10,16,True,True,19,17,attacker-wins,Disarm/Break Hold -> FAIL-AND-FALL-BACK -> Inflict Injury,1,Legs,Left,fail-and-fall-back,"Fallback HP -2 (Base Inflict Injury, DEC-030)",510,594,98,143,0,0,0,0,,
2,34,9,1,Beta,Alpha,Disarm,29,84,2,False,True,,30,defender-wins,,,,,,,510,594,146,109,0,0,55,0,,
2,35,10,1,Alpha,Beta,EquipmentDamage,25,1,6,True,True,24,27,defender-wins,,,,,,,510,594,150,150,0,0,0,0,,
2,36,10,1,Beta,Alpha,EquipmentDamage,26,30,15,False,True,,17,defender-wins,,,,,,,510,594,150,150,0,0,4,0,,
2,37,11,1,Alpha,Beta,Attack,27,66,78,False,False,,,repeat-bothfail,,,,,,,510,594,134,122,0,0,39,45,Attack-Adv3(T3),
2,38,11,2,Alpha,Beta,Attack,28,17,31,True,True,11,3,attacker-wins,Inflict Injury,,,,,HP -8,510,586,150,141,0,0,0,0,,
2,39,11,1,Beta,Alpha,Attack,28,7,14,True,True,21,18,attacker-wins,Inflict Injury,,,,,HP -3,507,586,150,150,0,0,0,0,,
2,40,12,1,Beta,Alpha,Grapple,26,24,58,True,False,2,,attacker-wins,Impose Condition: Grappled,,,,n/a,Tier-2 Grappled Magnitude -2,507,586,142,150,0,0,0,26,,
2,41,12,1,Alpha,Beta,Grapple,29,11,72,True,False,18,,attacker-wins,Impose Condition: Grappled,,,,n/a,Tier-2 Grappled Magnitude -2,507,586,150,128,0,0,0,38,,
2,42,13,1,Alpha,Beta,Trip,29,4,66,True,False,25,,attacker-wins,Knock Prone,40,Torso,Right,n/a,Location 40(Torso/Right) Tier-2 Prone Magnitude -2,507,586,150,112,0,0,0,31,,Defense-Adv2(T3)
2,43,13,1,Beta,Alpha,Trip,27,82,67,False,False,,,repeat-bothfail,,,,,,,507,586,133,80,0,0,55,35,,
2,44,13,2,Beta,Alpha,Trip,29,7,66,True,False,22,,attacker-wins,Knock Prone,70,Arms,Right,n/a,Location 70(Arms/Right) Tier-2 Prone Magnitude -2,507,586,117,123,0,0,0,33,,Defense-Adv4(T3)
2,45,14,1,Alpha,Beta,Disarm,29,77,81,False,False,,,repeat-bothfail,,,,,,,507,586,90,92,0,0,48,46,Disarm-Adv5(T3),
2,46,14,2,Alpha,Beta,Disarm,30,16,27,True,True,14,9,attacker-wins,Disarm/Break Hold,61,Arms,Left,pass,Location 61(Arms/Left) Tier-1 Disarmed Magnitude -1,507,586,124,115,0,0,0,0,,
2,47,14,1,Beta,Alpha,Disarm,30,22,66,True,False,8,,attacker-wins,Disarm/Break Hold -> FAIL-AND-FALL-BACK -> Inflict Injury,22,Legs,Right,fail-and-fall-back,"Fallback HP -8 (Base Inflict Injury, DEC-030)",499,586,108,143,0,0,0,32,,Defense-Adv6(T3)
2,48,15,1,Alpha,Beta,EquipmentDamage,25,12,71,True,False,13,,attacker-wins,Equipment Damage -> FAIL-AND-FALL-BACK -> Inflict Injury,21,Legs,Left,fail-and-fall-back,"Fallback HP -13 (Base Inflict Injury, DEC-030)",499,573,146,122,0,0,0,35,,
2,49,15,1,Beta,Alpha,EquipmentDamage,26,16,86,True,False,10,,attacker-wins,Equipment Damage,61,Arms,Left,pass,Location 61(Arms/Left) Tier-2 EquipmentDamaged Magnitude -2,499,573,110,150,0,0,0,52,,
2,50,16,1,Beta,Alpha,Attack,28,25,88,True,False,3,,attacker-wins,Inflict Injury,,,,,HP -3,496,573,72,150,0,0,0,53,,Defense-Adv7(T3)
2,51,16,1,Alpha,Beta,Attack,28,7,58,True,False,21,,attacker-wins,Inflict Injury,,,,,HP -21,496,552,115,142,0,0,0,22,,
2,52,17,1,Alpha,Beta,Grapple,29,33,9,False,True,,27,defender-wins,,,,,,,496,552,132,150,0,0,4,0,Grapple-Adv8(T3),
2,53,17,1,Beta,Alpha,Grapple,26,35,14,False,True,,22,defender-wins,,,,,,,496,552,150,150,0,0,9,0,,
2,54,18,1,Alpha,Beta,Trip,29,12,29,True,True,17,7,attacker-wins,Knock Prone,21,Legs,Left,n/a,Location 21(Legs/Left) Tier-1 Prone Magnitude -1,496,552,150,150,0,0,0,0,,
2,55,18,1,Beta,Alpha,Trip,29,50,12,False,True,,24,defender-wins,,,,,,,496,552,150,150,0,0,21,0,,
2,56,19,1,Beta,Alpha,Disarm,30,5,18,True,True,25,18,attacker-wins,Disarm/Break Hold -> FAIL-AND-FALL-BACK -> Inflict Injury,50,Torso,Right,fail-and-fall-back,"Fallback HP -7 (Base Inflict Injury, DEC-030)",489,552,150,150,0,0,0,0,,
2,57,19,1,Alpha,Beta,Disarm,30,45,100,False,False,,,repeat-bothfail,,,,,,,489,552,150,100,0,0,15,64,,Defense-Adv3(T3)
2,58,19,2,Alpha,Beta,Disarm,30,29,59,True,False,1,,attacker-wins,Disarm/Break Hold -> FAIL-AND-FALL-BACK -> Inflict Injury,92,Head,Right,fail-and-fall-back,"Fallback HP -1 (Base Inflict Injury, DEC-030)",489,551,150,91,0,0,0,22,,
2,59,20,1,Alpha,Beta,EquipmentDamage,25,35,57,False,False,,,repeat-bothfail,,,,,,,489,551,150,84,0,0,10,20,,
2,60,20,2,Alpha,Beta,EquipmentDamage,25,43,100,False,False,,,repeat-bothfail,,,,,,,489,535,150,50,0,16,18,63,,Defense-Adv4(T3)
2,61,20,3,Alpha,Beta,EquipmentDamage,25,95,99,False,False,,,repeat-bothfail,,,,,,,489,486,105,50,0,49,70,61,,Defense-Adv5(T3)
2,62,20,4,Alpha,Beta,EquipmentDamage,27,21,61,True,False,6,,attacker-wins,Equipment Damage -> FAIL-AND-FALL-BACK -> Inflict Injury,12,Legs,Right,fail-and-fall-back,"Fallback HP -6 (Base Inflict Injury, DEC-030)",489,469,134,50,0,11,0,22,,
2,63,20,1,Beta,Alpha,EquipmentDamage,26,17,97,True,False,9,,attacker-wins,Equipment Damage,71,Arms,Left,pass,Location 71(Arms/Left) Tier-2 EquipmentDamaged Magnitude -2,489,469,87,83,0,0,0,61,,
2,64,21,1,Alpha,Beta,Attack,28,96,12,False,True,,27,defender-wins,,,,,,,480,469,50,121,9,0,68,0,,
2,65,21,1,Beta,Alpha,Attack,28,19,8,True,True,9,29,defender-wins,,,,,,,480,469,92,150,0,0,0,0,,
2,66,22,1,Alpha,Beta,Grapple,29,65,36,False,True,,3,defender-wins,,,,,,,480,469,77,150,0,0,36,0,,
2,67,22,1,Beta,Alpha,Grapple,26,49,40,False,False,,,repeat-bothfail,,,,,,,480,469,87,150,0,0,23,3,,
2,68,22,2,Beta,Alpha,Grapple,26,46,17,False,True,,20,defender-wins,,,,,,,480,469,120,150,0,0,20,0,,
2,69,23,1,Alpha,Beta,Trip,29,97,1,False,True,,38,defender-wins,,,,,,,480,469,73,150,0,0,68,0,,
2,70,23,1,Beta,Alpha,Trip,29,88,75,False,False,,,repeat-bothfail,,,,,,,478,469,50,112,0,2,59,38,Trip-Adv6(T3),
2,71,23,2,Beta,Alpha,Trip,31,4,41,True,False,27,,attacker-wins,Knock Prone,40,Torso,Right,n/a,Location 40(Torso/Right) Tier-2 Prone Magnitude -2,478,469,59,150,0,0,0,3,,
2,72,24,1,Beta,Alpha,Disarm,30,30,42,True,False,0,,attacker-wins,Disarm/Break Hold -> FAIL-AND-FALL-BACK -> Inflict Injury,3,Legs,Left,fail-and-fall-back,"Fallback HP -1 (Base Inflict Injury, DEC-030)",477,469,67,150,0,0,0,4,,
2,73,24,1,Alpha,Beta,Disarm,30,34,63,False,False,,,repeat-bothfail,,,,,,,477,469,83,137,0,0,4,24,,
2,74,24,2,Alpha,Beta,Disarm,30,40,19,False,True,,20,defender-wins,,,,,,,477,469,93,150,0,0,10,0,,
2,75,25,1,Alpha,Beta,EquipmentDamage,27,80,55,False,False,,,repeat-bothfail,,,,,,,477,469,63,145,0,0,53,16,,Defense-Adv7(T3)
2,76,25,2,Alpha,Beta,EquipmentDamage,28,14,84,True,False,14,,attacker-wins,Equipment Damage,41,Torso,Left,pass,Location 41(Torso/Left) Tier-2 EquipmentDamaged Magnitude -2,477,469,99,111,0,0,0,45,,
2,77,25,1,Beta,Alpha,EquipmentDamage,26,14,16,True,True,12,22,defender-wins,,,,,,,477,469,133,147,0,0,0,0,,
2,78,26,1,Beta,Alpha,Attack,28,29,3,False,True,,35,defender-wins,,,,,,,477,469,150,150,0,0,1,0,,
2,79,26,1,Alpha,Beta,Attack,30,54,26,False,True,,14,defender-wins,,,,,,,477,469,146,150,0,0,24,0,,
2,80,27,1,Beta,Alpha,Grapple,26,85,22,False,True,,16,defender-wins,,,,,,,477,469,150,115,0,0,59,0,,
2,81,27,1,Alpha,Beta,Grapple,30,42,6,False,True,,34,defender-wins,,,,,,,477,469,150,150,0,0,12,0,,
2,82,28,1,Beta,Alpha,Trip,31,42,12,False,True,,26,defender-wins,,,,,,,477,469,150,150,0,0,11,0,,
2,83,28,1,Alpha,Beta,Trip,31,98,90,False,False,,,repeat-bothfail,,,,,,,477,469,102,110,0,0,67,50,,
2,84,28,2,Alpha,Beta,Trip,33,63,57,False,False,,,repeat-bothfail,,,,,,,477,469,89,103,0,0,30,16,,
2,85,28,3,Alpha,Beta,Trip,33,54,94,False,False,,,repeat-bothfail,,,,,,,477,469,85,59,0,0,21,53,,
2,86,28,4,Alpha,Beta,Trip,33,43,38,False,True,,4,defender-wins,,,,,,,477,469,92,71,0,0,10,0,,
2,87,29,1,Alpha,Beta,Disarm,30,73,31,False,True,,11,defender-wins,,,,,,,477,469,69,90,0,0,43,0,,
2,88,29,1,Beta,Alpha,Disarm,30,71,4,False,True,,34,defender-wins,,,,,,,477,469,115,69,0,0,41,0,,
2,89,30,1,Beta,Alpha,EquipmentDamage,26,2,63,True,False,24,,attacker-wins,Equipment Damage -> FAIL-AND-FALL-BACK -> Inflict Injury,20,Legs,Right,fail-and-fall-back,"Fallback HP -24 (Base Inflict Injury, DEC-030)",453,469,102,117,0,0,0,25,,
2,90,30,1,Alpha,Beta,EquipmentDamage,28,57,33,False,True,,9,defender-wins,,,,,,,453,469,95,134,0,0,29,0,,
2,91,31,1,Alpha,Beta,Attack,30,56,84,False,False,,,repeat-bothfail,,,,,,,453,469,89,100,0,0,26,42,,
2,92,31,2,Alpha,Beta,Attack,30,95,15,False,True,,28,defender-wins,,,,,,,447,469,50,135,6,0,65,0,,
2,93,31,1,Beta,Alpha,Attack,28,92,41,False,False,,,repeat-bothfail,,,,,,,447,469,59,93,0,0,64,3,,
2,94,31,2,Beta,Alpha,Attack,30,37,50,False,False,,,repeat-bothfail,,,,,,,447,469,59,106,0,0,7,12,,
2,95,31,3,Beta,Alpha,Attack,30,79,60,False,False,,,repeat-bothfail,,,,,,,446,469,50,77,0,1,49,22,,
2,96,31,4,Beta,Alpha,Attack,31,5,74,True,False,26,,attacker-wins,Inflict Injury,,,,,HP -26,396,469,50,122,0,24,0,36,,
2,97,32,1,Alpha,Beta,Grapple,30,12,30,True,True,18,13,attacker-wins,Impose Condition: Grappled,,,,n/a,Tier-1 Grappled Magnitude -1,396,469,88,142,0,0,0,0,,
2,98,32,1,Beta,Alpha,Grapple,28,66,99,False,False,,,repeat-bothfail,,,,,,,385,469,50,126,0,11,38,61,Grapple-Adv8(T3),Defense-Adv9(T3)
2,99,32,2,Beta,Alpha,Grapple,29,26,11,True,True,3,28,defender-wins,,,,,,,385,469,89,150,0,0,0,0,,
2,100,33,1,Beta,Alpha,Trip,31,83,6,False,True,,33,defender-wins,,,,,,,385,469,133,117,0,0,52,0,,
2,101,33,1,Alpha,Beta,Trip,33,98,54,False,False,,,repeat-bothfail,,,,,,,385,469,85,113,0,0,65,11,,
2,102,33,2,Alpha,Beta,Trip,34,45,55,False,False,,,repeat-bothfail,,,,,,,385,469,90,108,0,0,11,12,,Defense-Adv9(T3)
2,103,33,3,Alpha,Beta,Trip,34,42,48,False,False,,,repeat-bothfail,,,,,,,385,469,98,110,0,0,8,5,,
2,104,33,4,Alpha,Beta,Trip,34,8,16,True,True,26,27,defender-wins,,,,,,,385,469,140,144,0,0,0,0,,
2,105,34,1,Alpha,Beta,Disarm,31,70,14,False,True,,29,defender-wins,,,,,,,385,469,120,150,0,0,39,0,,
2,106,34,1,Beta,Alpha,Disarm,31,56,53,False,False,,,repeat-bothfail,,,,,,,385,469,117,144,0,0,25,14,,
2,107,34,2,Beta,Alpha,Disarm,31,28,71,True,False,3,,attacker-wins,Disarm/Break Hold -> FAIL-AND-FALL-BACK -> Inflict Injury,82,Head,Right,fail-and-fall-back,"Fallback HP -3 (Base Inflict Injury, DEC-030)",382,469,96,150,0,0,0,32,,
2,108,35,1,Beta,Alpha,EquipmentDamage,26,84,26,False,True,,13,defender-wins,,,,,,,382,469,120,116,0,0,58,0,,
2,109,35,1,Alpha,Beta,EquipmentDamage,29,64,91,False,False,,,repeat-bothfail,,,,,,,382,469,106,75,0,0,35,48,,
2,110,35,2,Alpha,Beta,EquipmentDamage,30,85,19,False,True,,25,defender-wins,,,,,,,382,469,71,106,0,0,55,0,,
2,111,36,1,Beta,Alpha,Attack,31,39,80,False,False,,,repeat-bothfail,,,,,,,373,469,50,117,0,9,8,41,,
2,112,36,2,Beta,Alpha,Attack,31,80,91,False,False,,,repeat-bothfail,,,,,,,332,469,50,87,0,41,49,51,,
2,113,36,3,Beta,Alpha,Attack,32,89,75,False,False,,,repeat-bothfail,,,,,,,307,467,50,50,2,25,57,34,,
2,114,36,4,Beta,Alpha,Attack,33,50,10,False,True,,31,defender-wins,,,,,,,307,467,90,50,0,0,17,0,,
2,115,36,1,Alpha,Beta,Attack,32,69,76,False,False,,,repeat-bothfail,,,,,,,307,441,71,50,0,26,37,32,,
2,116,36,2,Alpha,Beta,Attack,33,91,12,False,True,,32,defender-wins,,,,,,,287,441,50,88,20,0,58,0,,
2,117,37,1,Beta,Alpha,Grapple,29,77,93,False,False,,,repeat-bothfail,,,,,,,244,441,50,61,0,43,48,52,Grapple-Adv10(T3),
2,118,37,2,Beta,Alpha,Grapple,30,73,55,False,False,,,repeat-bothfail,,,,,,,239,429,50,50,12,5,43,13,,Defense-Adv10(T3)
2,119,37,3,Beta,Alpha,Grapple,31,79,43,False,False,,,repeat-bothfail,,,,,,,239,400,57,50,29,0,48,1,,
2,120,37,4,Beta,Alpha,Grapple,32,29,89,True,False,3,,attacker-wins,Impose Condition: Grappled,,,,n/a,Tier-2 Grappled Magnitude -2,207,400,50,71,0,32,0,47,,
2,121,37,1,Alpha,Beta,Grapple,30,35,87,False,False,,,repeat-bothfail,,,,,,,207,384,65,50,0,16,5,43,,
2,122,37,2,Alpha,Beta,Grapple,30,18,1,True,True,12,43,defender-wins,,,,,,,207,384,97,99,0,0,0,0,,
2,123,38,1,Alpha,Beta,Trip,34,64,35,False,True,,9,defender-wins,,,,,,,207,384,83,114,0,0,30,0,,
2,124,38,1,Beta,Alpha,Trip,32,78,94,False,False,,,repeat-bothfail,,,,,,,196,384,50,86,0,11,46,51,,
2,125,38,2,Beta,Alpha,Trip,33,82,42,False,True,,2,defender-wins,,,,,,,196,384,58,54,0,0,49,0,,
2,126,39,1,Alpha,Beta,Disarm,32,91,96,False,False,,,repeat-bothfail,,,,,,,163,342,50,50,33,42,59,52,,
2,127,39,2,Alpha,Beta,Disarm,33,39,35,False,True,,10,defender-wins,,,,,,,163,342,61,65,0,0,6,0,,
2,128,39,1,Beta,Alpha,Disarm,31,86,44,False,True,,0,defender-wins,,,,,,,163,321,67,50,21,0,55,0,,
2,129,40,1,Alpha,Beta,EquipmentDamage,31,41,52,False,False,,,repeat-bothfail,,,,,,,163,319,76,50,0,2,10,7,,
2,130,40,2,Alpha,Beta,EquipmentDamage,31,82,98,False,False,,,repeat-bothfail,,,,,,,157,271,50,50,6,48,51,53,,
2,131,40,3,Alpha,Beta,EquipmentDamage,32,31,97,True,False,1,,attacker-wins,Equipment Damage -> FAIL-AND-FALL-BACK -> Inflict Injury,13,Legs,Left,fail-and-fall-back,"Fallback HP -1 (Base Inflict Injury, DEC-030)",157,223,69,50,0,47,0,51,,
2,132,40,1,Beta,Alpha,EquipmentDamage,28,93,16,False,True,,28,defender-wins,,,,,,,157,180,103,50,43,0,65,0,,
2,133,41,1,Beta,Alpha,Attack,33,83,39,False,True,,5,defender-wins,,,,,,,157,147,114,50,33,0,50,0,,
2,134,41,1,Alpha,Beta,Attack,34,71,15,False,True,,32,defender-wins,,,,,,,157,147,93,85,0,0,37,0,,
2,135,42,1,Alpha,Beta,Grapple,30,62,17,False,True,,30,defender-wins,,,,,,,157,147,81,118,0,0,32,0,,
2,136,42,1,Beta,Alpha,Grapple,32,29,72,True,False,3,,attacker-wins,Impose Condition: Grappled,,,,n/a,Tier-2 Grappled Magnitude -2,157,147,59,139,0,0,0,28,,
2,137,43,1,Alpha,Beta,Trip,34,43,29,False,True,,18,defender-wins,,,,,,,157,147,66,150,0,0,9,0,,
2,138,43,1,Beta,Alpha,Trip,34,88,80,False,False,,,repeat-bothfail,,,,,,,143,147,50,112,0,14,54,36,Trip-Adv11(T3),
2,139,43,2,Beta,Alpha,Trip,35,43,96,False,False,,,repeat-bothfail,,,,,,,97,147,50,119,0,46,8,52,,
2,140,43,3,Beta,Alpha,Trip,35,8,62,True,False,27,,attacker-wins,Knock Prone,80,Head,Right,n/a,Location 80(Head/Right) Tier-2 Prone Magnitude -2,85,147,50,150,0,12,0,17,,
2,141,44,1,Beta,Alpha,Disarm,32,49,53,False,False,,,repeat-bothfail,,,,,,,82,147,50,150,0,3,17,8,,
2,142,44,2,Beta,Alpha,Disarm,32,84,68,False,False,,,repeat-bothfail,,,,,,,64,147,50,116,0,18,52,23,,
2,143,44,3,Beta,Alpha,Disarm,33,32,99,True,False,1,,attacker-wins,Disarm/Break Hold -> FAIL-AND-FALL-BACK -> Inflict Injury,23,Legs,Left,fail-and-fall-back,"Fallback HP -1 (Base Inflict Injury, DEC-030)",14,147,50,134,0,49,0,54,,Defense-Adv11(T3)
2,144,44,1,Alpha,Beta,Disarm,33,79,4,False,True,,43,defender-wins,,,,,,,-15,147,50,150,29,0,46,0,,
3,1,1,1,Beta,Alpha,Attack,25,46,11,False,True,,14,defender-wins,,,,,,,600,600,150,150,0,0,21,0,,
3,2,1,1,Alpha,Beta,Attack,25,9,59,True,False,16,,attacker-wins,Inflict Injury,,,,,HP -16,600,584,150,141,0,0,0,34,,
3,3,2,1,Beta,Alpha,Grapple,25,53,99,False,False,,,repeat-bothfail,,,,,,,600,584,101,138,0,0,28,74,,Defense-Adv1(T3)
3,4,2,2,Beta,Alpha,Grapple,26,37,55,False,False,,,repeat-bothfail,,,,,,,600,584,96,150,0,0,11,28,,Defense-Adv2(T3)
3,5,2,3,Beta,Alpha,Grapple,26,67,10,False,True,,18,defender-wins,,,,,,,600,584,136,133,0,0,41,0,,
3,6,2,1,Alpha,Beta,Grapple,25,11,24,True,True,14,2,attacker-wins,Impose Condition: Grappled,,,,n/a,Tier-1 Grappled Magnitude -1,600,584,150,150,0,0,0,0,,
3,7,3,1,Beta,Alpha,Trip,25,30,51,False,False,,,repeat-bothfail,,,,,,,600,584,149,150,0,0,5,23,,
3,8,3,2,Beta,Alpha,Trip,25,66,98,False,False,,,repeat-bothfail,,,,,,,600,584,101,134,0,0,41,70,Trip-Adv1(T3),
3,9,3,3,Beta,Alpha,Trip,26,28,11,False,True,,19,defender-wins,,,,,,,600,584,140,150,0,0,2,0,,
3,10,3,1,Alpha,Beta,Trip,25,10,62,True,False,15,,attacker-wins,Knock Prone,1,Legs,Left,n/a,Location 1(Legs/Left) Tier-2 Prone Magnitude -2,600,584,150,138,0,0,0,36,,
3,11,4,1,Beta,Alpha,Disarm,25,88,85,False,False,,,repeat-bothfail,,,,,,,600,584,115,100,0,0,63,55,Disarm-Adv2(T3),
3,12,4,2,Beta,Alpha,Disarm,27,14,92,True,False,13,,attacker-wins,Disarm/Break Hold -> FAIL-AND-FALL-BACK -> Inflict Injury,41,Torso,Left,fail-and-fall-back,"Fallback HP -13 (Base Inflict Injury, DEC-030)",587,584,73,136,0,0,0,61,,
3,13,4,1,Alpha,Beta,Disarm,25,12,22,True,True,13,5,attacker-wins,Disarm/Break Hold -> FAIL-AND-FALL-BACK -> Inflict Injury,21,Legs,Left,fail-and-fall-back,"Fallback HP -8 (Base Inflict Injury, DEC-030)",587,576,111,150,0,0,0,0,,
3,14,5,1,Alpha,Beta,EquipmentDamage,25,56,63,False,False,,,repeat-bothfail,,,,,,,587,576,105,137,0,0,31,36,,
3,15,5,2,Alpha,Beta,EquipmentDamage,26,10,92,True,False,16,,attacker-wins,Equipment Damage -> FAIL-AND-FALL-BACK -> Inflict Injury,1,Legs,Left,fail-and-fall-back,"Fallback HP -16 (Base Inflict Injury, DEC-030)",587,560,145,95,0,0,0,64,,
3,16,5,1,Beta,Alpha,EquipmentDamage,25,79,82,False,False,,,repeat-bothfail,,,,,,,587,560,113,66,0,0,54,50,,
3,17,5,2,Beta,Alpha,EquipmentDamage,27,27,7,True,True,0,26,defender-wins,,,,,,,587,560,150,89,0,0,0,0,,
3,18,6,1,Alpha,Beta,Attack,25,16,61,True,False,9,,attacker-wins,Inflict Injury,,,,,HP -9,587,551,150,78,0,0,0,31,,
3,19,6,1,Beta,Alpha,Attack,25,28,2,False,True,,31,defender-wins,,,,,,,587,551,150,100,0,0,3,0,,
3,20,7,1,Beta,Alpha,Grapple,27,75,37,False,False,,,repeat-bothfail,,,,,,,587,551,150,75,0,0,48,4,,
3,21,7,2,Beta,Alpha,Grapple,28,93,53,False,False,,,repeat-bothfail,,,,,,,587,533,147,50,18,0,65,20,,
3,22,7,3,Beta,Alpha,Grapple,30,81,43,False,False,,,repeat-bothfail,,,,,,,587,502,150,50,31,0,51,10,,
3,23,7,4,Beta,Alpha,Grapple,31,15,5,True,True,16,28,defender-wins,,,,,,,587,502,150,85,0,0,0,0,,
3,24,7,1,Alpha,Beta,Grapple,25,33,34,False,False,,,repeat-bothfail,,,,,,,587,502,150,101,0,0,8,3,Grapple-Adv3(T3),
3,25,7,2,Alpha,Beta,Grapple,25,52,64,False,False,,,repeat-bothfail,,,,,,,587,502,148,87,0,0,27,33,,
3,26,7,3,Alpha,Beta,Grapple,26,88,42,False,False,,,repeat-bothfail,,,,,,,587,502,110,95,0,0,62,10,Grapple-Adv4(T3),
3,27,7,4,Alpha,Beta,Grapple,28,25,74,True,False,3,,attacker-wins,Impose Condition: Grappled,,,,n/a,Tier-2 Grappled Magnitude -2,587,502,135,71,0,0,0,42,,
3,28,8,1,Beta,Alpha,Trip,26,50,4,False,True,,29,defender-wins,,,,,,,587,502,150,71,0,0,24,0,,
3,29,8,1,Alpha,Beta,Trip,25,76,72,False,False,,,repeat-bothfail,,,,,,,587,501,124,50,0,1,51,39,,
3,30,8,2,Alpha,Beta,Trip,27,86,45,False,False,,,repeat-bothfail,,,,,,,587,501,88,55,0,0,59,11,,
3,31,8,3,Alpha,Beta,Trip,29,44,29,False,True,,5,defender-wins,,,,,,,587,501,94,76,0,0,15,0,Trip-Adv5(T3),
3,32,9,1,Alpha,Beta,Disarm,25,69,79,False,False,,,repeat-bothfail,,,,,,,587,498,75,50,0,3,44,45,,
3,33,9,2,Alpha,Beta,Disarm,26,52,23,False,True,,12,defender-wins,,,,,,,587,498,73,77,0,0,26,0,,
3,34,9,1,Beta,Alpha,Disarm,27,20,28,True,True,7,5,attacker-wins,Disarm/Break Hold -> FAIL-AND-FALL-BACK -> Inflict Injury,2,Legs,Right,fail-and-fall-back,"Fallback HP -2 (Base Inflict Injury, DEC-030)",585,498,95,107,0,0,0,0,,
3,35,10,1,Alpha,Beta,EquipmentDamage,26,66,82,False,False,,,repeat-bothfail,,,,,,,585,498,79,75,0,0,40,47,EquipmentDamage-Adv6(T3),
3,36,10,2,Alpha,Beta,EquipmentDamage,27,4,88,True,False,23,,attacker-wins,Equipment Damage,40,Torso,Right,pass,Location 40(Torso/Right) Tier-2 EquipmentDamaged Magnitude -2,585,485,125,50,0,13,0,52,,Defense-Adv3(T3)
3,37,10,1,Beta,Alpha,EquipmentDamage,27,57,6,False,True,,27,defender-wins,,,,,,,585,478,150,50,7,0,30,0,,
3,38,11,1,Beta,Alpha,Attack,25,89,67,False,False,,,repeat-bothfail,,,,,,,585,439,133,50,39,0,64,34,,
3,39,11,2,Beta,Alpha,Attack,27,57,20,False,True,,14,defender-wins,,,,,,,585,432,150,50,7,0,30,0,,
3,40,11,1,Alpha,Beta,Attack,25,7,32,True,True,18,5,attacker-wins,Inflict Injury,,,,,HP -13,585,419,150,68,0,0,0,0,,
3,41,12,1,Beta,Alpha,Grapple,31,55,68,False,False,,,repeat-bothfail,,,,,,,585,419,132,63,0,0,24,34,Grapple-Adv4(T3),
3,42,12,2,Beta,Alpha,Grapple,31,78,80,False,False,,,repeat-bothfail,,,,,,,585,404,102,50,15,0,47,45,,
3,43,12,3,Beta,Alpha,Grapple,32,77,41,False,False,,,repeat-bothfail,,,,,,,585,377,111,50,27,0,45,5,Grapple-Adv5(T3),
3,44,12,4,Beta,Alpha,Grapple,33,87,90,False,False,,,repeat-bothfail,,,,,,,585,340,71,50,37,0,54,54,,
3,45,12,5,Beta,Alpha,Grapple,34,45,43,False,False,,,repeat-bothfail,,,,,,,585,340,78,55,0,0,11,6,,
3,46,12,6,Beta,Alpha,Grapple,34,45,1,False,True,,36,defender-wins,,,,,,,585,340,127,60,0,0,11,0,,
3,47,12,1,Alpha,Beta,Grapple,28,90,32,False,True,,5,defender-wins,,,,,,,585,340,87,78,0,0,62,0,,
3,48,13,1,Alpha,Beta,Trip,29,61,63,False,False,,,repeat-bothfail,,,,,,,585,340,76,65,0,0,32,26,,
3,49,13,2,Alpha,Beta,Trip,30,42,86,False,False,,,repeat-bothfail,,,,,,,585,319,84,50,0,21,12,49,,
3,50,13,3,Alpha,Beta,Trip,30,61,63,False,False,,,repeat-bothfail,,,,,,,585,306,73,50,0,13,31,25,,
3,51,13,4,Alpha,Beta,Trip,31,69,96,False,False,,,repeat-bothfail,,,,,,,585,260,54,50,0,46,38,58,,
3,52,13,5,Alpha,Beta,Trip,32,96,44,False,False,,,repeat-bothfail,,,,,,,543,260,50,56,42,0,64,5,,Defense-Adv6(T3)
3,53,13,6,Alpha,Beta,Trip,33,76,70,False,False,,,repeat-bothfail,,,,,,,517,246,50,50,26,14,43,31,,
3,54,13,7,Alpha,Beta,Trip,34,56,8,False,True,,31,defender-wins,,,,,,,511,246,50,92,6,0,22,0,,
3,55,13,1,Beta,Alpha,Trip,26,48,95,False,False,,,repeat-bothfail,,,,,,,466,246,50,94,0,45,22,58,,
3,56,13,2,Beta,Alpha,Trip,26,20,30,True,True,6,8,defender-wins,,,,,,,466,246,70,124,0,0,0,0,,
3,57,14,1,Alpha,Beta,Disarm,27,40,40,False,False,,,repeat-bothfail,,,,,,,466,246,80,134,0,0,13,1,,
3,58,14,2,Alpha,Beta,Disarm,27,30,59,False,False,,,repeat-bothfail,,,,,,,466,246,100,125,0,0,3,20,,
3,59,14,3,Alpha,Beta,Disarm,27,42,62,False,False,,,repeat-bothfail,,,,,,,466,246,108,113,0,0,15,23,,
3,60,14,4,Alpha,Beta,Disarm,27,80,24,False,True,,15,defender-wins,,,,,,,466,246,78,139,0,0,53,0,,
3,61,14,1,Beta,Alpha,Disarm,27,98,7,False,True,,31,defender-wins,,,,,,,466,246,121,91,0,0,71,0,,
3,62,15,1,Beta,Alpha,EquipmentDamage,28,72,42,False,False,,,repeat-bothfail,,,,,,,466,246,129,69,0,0,44,4,,
3,63,15,2,Beta,Alpha,EquipmentDamage,29,81,41,False,False,,,repeat-bothfail,,,,,,,466,234,138,50,12,0,52,3,,
3,64,15,3,Beta,Alpha,EquipmentDamage,30,57,76,False,False,,,repeat-bothfail,,,,,,,466,227,112,50,7,0,27,38,,
3,65,15,4,Beta,Alpha,EquipmentDamage,30,10,61,True,False,20,,attacker-wins,Equipment Damage -> FAIL-AND-FALL-BACK -> Inflict Injury,1,Legs,Left,fail-and-fall-back,"Fallback HP -20 (Base Inflict Injury, DEC-030)",446,227,101,90,0,0,0,22,,
3,66,15,1,Alpha,Beta,EquipmentDamage,27,95,58,False,False,,,repeat-bothfail,,,,,,,446,227,56,82,0,0,68,19,,
3,67,15,2,Alpha,Beta,EquipmentDamage,29,45,95,False,False,,,repeat-bothfail,,,,,,,446,214,61,50,0,13,16,56,,
3,68,15,3,Alpha,Beta,EquipmentDamage,29,48,23,False,True,,17,defender-wins,,,,,,,446,214,63,77,0,0,19,0,,
3,69,16,1,Beta,Alpha,Attack,28,16,91,True,False,12,,attacker-wins,Inflict Injury,,,,,HP -12,406,214,50,111,0,28,0,52,,
3,70,16,1,Alpha,Beta,Attack,25,22,63,True,False,3,,attacker-wins,Inflict Injury,,,,,HP -3,406,211,78,98,0,0,0,23,,
3,71,17,1,Beta,Alpha,Grapple,34,5,31,True,True,29,9,attacker-wins,Impose Condition: Grappled,,,,n/a,Tier-1 Grappled Magnitude -1,406,211,97,143,0,0,0,0,,
3,72,17,1,Alpha,Beta,Grapple,30,67,50,False,False,,,repeat-bothfail,,,,,,,406,211,80,143,0,0,37,10,,
3,73,17,2,Alpha,Beta,Grapple,31,62,96,False,False,,,repeat-bothfail,,,,,,,406,211,68,97,0,0,31,56,,
3,74,17,3,Alpha,Beta,Grapple,32,56,86,False,False,,,repeat-bothfail,,,,,,,406,211,62,61,0,0,24,45,,
3,75,17,4,Alpha,Beta,Grapple,32,83,89,False,False,,,repeat-bothfail,,,,,,,385,183,50,50,21,28,51,47,,
3,76,17,5,Alpha,Beta,Grapple,33,41,56,False,False,,,repeat-bothfail,,,,,,,385,177,59,50,0,6,8,13,,
3,77,17,6,Alpha,Beta,Grapple,33,91,88,False,False,,,repeat-bothfail,,,,,,,353,139,50,50,32,38,58,45,,Defense-Adv7(T3)
3,78,17,7,Alpha,Beta,Grapple,34,5,74,True,False,29,,attacker-wins,Impose Condition: Grappled,,,,n/a,Tier-2 Grappled Magnitude -2,353,115,95,50,0,24,0,30,,
3,79,18,1,Beta,Alpha,Trip,26,57,23,False,True,,17,defender-wins,,,,,,,353,108,122,50,7,0,31,0,,
3,80,18,1,Alpha,Beta,Trip,34,11,26,True,True,23,18,attacker-wins,Knock Prone,11,Legs,Left,n/a,Location 11(Legs/Left) Tier-1 Prone Magnitude -1,353,108,150,74,0,0,0,0,,
3,81,19,1,Beta,Alpha,Disarm,29,98,44,False,False,,,repeat-bothfail,,,,,,,353,84,150,50,24,0,69,4,,Defense-Adv7(T3)
3,82,19,2,Beta,Alpha,Disarm,31,4,22,True,True,27,18,attacker-wins,Disarm/Break Hold -> FAIL-AND-FALL-BACK -> Inflict Injury,40,Torso,Right,fail-and-fall-back,"Fallback HP -9 (Base Inflict Injury, DEC-030)",344,84,150,96,0,0,0,0,,
3,83,19,1,Alpha,Beta,Disarm,28,24,78,True,False,4,,attacker-wins,Disarm/Break Hold -> FAIL-AND-FALL-BACK -> Inflict Injury,42,Torso,Right,fail-and-fall-back,"Fallback HP -4 (Base Inflict Injury, DEC-030)",344,80,150,68,0,0,0,34,,
3,84,20,1,Beta,Alpha,EquipmentDamage,30,59,64,False,False,,,repeat-bothfail,,,,,,,344,80,136,59,0,0,29,24,,
3,85,20,2,Beta,Alpha,EquipmentDamage,30,28,67,True,False,2,,attacker-wins,Equipment Damage -> FAIL-AND-FALL-BACK -> Inflict Injury,82,Head,Right,fail-and-fall-back,"Fallback HP -2 (Base Inflict Injury, DEC-030)",342,80,119,81,0,0,0,27,,
3,86,20,1,Alpha,Beta,EquipmentDamage,29,88,70,False,False,,,repeat-bothfail,,,,,,,342,80,81,61,0,0,59,26,EquipmentDamage-Adv8(T3),
3,87,20,2,Alpha,Beta,EquipmentDamage,31,92,99,False,False,,,repeat-bothfail,,,,,,,331,42,50,50,11,38,61,55,,Defense-Adv8(T3)
3,88,20,3,Alpha,Beta,EquipmentDamage,32,29,16,True,True,3,29,defender-wins,,,,,,,331,42,71,84,0,0,0,0,,
3,89,21,1,Alpha,Beta,Attack,25,76,55,False,False,,,repeat-bothfail,,,,,,,326,42,50,79,5,0,51,10,,Defense-Adv9(T3)
3,90,21,2,Alpha,Beta,Attack,27,73,41,False,True,,4,defender-wins,,,,,,,303,42,50,88,23,0,46,0,,
3,91,21,1,Beta,Alpha,Attack,28,89,4,False,True,,36,defender-wins,,,,,,,303,41,96,50,1,0,61,0,,
3,92,22,1,Beta,Alpha,Grapple,34,70,72,False,False,,,repeat-bothfail,,,,,,,303,21,74,50,20,0,36,32,,
3,93,22,2,Beta,Alpha,Grapple,35,79,37,False,True,,3,defender-wins,,,,,,,303,-8,87,50,29,0,44,0,,
